Model,Mean_Reward,Std_Reward,Min_Reward,Max_Reward,Mean_Length
A3C_Global,324.954,8.232975403825764,296.0,350.5,100.0
Individual_Worker_0,324.28999999999996,7.5995986736142855,303.0,347.0,100.0
Individual_Worker_1,324.494,8.906849274575158,290.0,353.5,100.0
Individual_Worker_2,324.729,8.63302142937222,292.5,350.0,100.0
Individual_Worker_3,324.07,8.254035376711201,290.5,350.0,100.0
Individual_Worker_4,325.229,8.669374775610985,292.0,349.5,100.0
