Model,Mean_Reward,Std_Reward,Min_Reward,Max_Reward,Mean_Length
A3C_Global,71.6472,9.419783020855629,33.300000000000004,96.6,100.0
Individual_Worker_0,69.2295,12.114064336547004,28.100000000000005,99.05000000000001,100.0
Individual_Worker_1,70.69150000000002,10.00273976218516,31.150000000000006,106.00000000000001,100.0
Individual_Worker_2,72.8035,9.793870161994185,30.500000000000004,103.85000000000001,100.0
Individual_Worker_3,70.86659999999999,10.282547079396233,20.150000000000002,93.95,100.0
Individual_Worker_4,71.51580000000001,11.251860751004697,24.75,97.7,100.0
