Model,Mean_Reward,Std_Reward,Min_Reward,Max_Reward,Mean_Length
A3C_Global,14.327863922011863,13.525789203994774,-16.24156573531573,61.74053846153848,100.0
Individual_Worker_0,29.038132386723355,7.581815964831779,-9.014424242424239,48.67740384615386,100.0
Individual_Worker_1,34.40001044042057,10.22096805392314,-9.746404086040513,64.10699472589155,100.0
Individual_Worker_2,33.755077271595006,8.547782786157095,-8.090097154523487,59.67500000000001,100.0
Individual_Worker_3,33.288812275873546,8.034375453967813,-8.235018818652541,63.24763867085295,100.0
Individual_Worker_4,33.39832249379546,7.8116483115744,-11.073805743970727,66.92770011947432,100.0
