Model,Mean_Reward,Std_Reward,Min_Reward,Max_Reward,Mean_Length
A3C_Global,91.3673,13.548970282276068,48.050000000000004,138.9,100.0
Individual_Worker_0,75.02420000000001,11.677845878414391,23.400000000000006,105.35,100.0
Individual_Worker_1,68.94460000000001,11.511006074188302,31.5,103.45,100.0
Individual_Worker_2,71.3908,11.40107956993547,27.2,106.60000000000002,100.0
Individual_Worker_3,63.378099999999996,13.638554006565359,19.6,100.8,100.0
Individual_Worker_4,66.1321,13.969722781429844,20.750000000000004,101.20000000000002,100.0
