Model,Mean_Reward,Std_Reward,Min_Reward,Max_Reward,Mean_Length
A3C_Global,0.880140000000013,0.172760760591055,0.37500000000001454,1.4650000000000105,100.0
Individual_Worker_0,0.8994500000000134,0.2155860559034371,0.27500000000001457,2.725000000000018,100.0
Individual_Worker_1,0.8953400000000131,0.1776076698794278,0.4250000000000138,1.4900000000000149,100.0
Individual_Worker_2,0.872000000000013,0.1747538268536626,0.45000000000001417,1.485000000000011,100.0
Individual_Worker_3,0.8965500000000131,0.18234321347393176,0.45500000000001317,1.5450000000000101,100.0
Individual_Worker_4,0.889830000000013,0.16341089651550125,0.4250000000000125,1.5550000000000135,100.0
