Model,Mean_Reward,Std_Reward,Min_Reward,Max_Reward,Mean_Length
A3C_Global,0.9034300000000132,0.17952433010597704,0.4800000000000135,1.6000000000000099,100.0
Individual_Worker_0,0.896500000000013,0.17775249646629399,0.45500000000001317,1.6450000000000091,100.0
Individual_Worker_1,0.8806000000000133,0.17665514427833637,0.40000000000001346,1.4100000000000126,100.0
Individual_Worker_2,0.8873300000000132,0.17026603037599677,0.40000000000001523,1.6700000000000106,100.0
Individual_Worker_3,0.8808700000000134,0.17230087956827117,0.4400000000000135,1.4250000000000136,100.0
Individual_Worker_4,0.886980000000013,0.18068309162730148,0.39500000000001234,1.5350000000000128,100.0
