Model,Mean_Reward,Std_Reward,Min_Reward,Max_Reward,Mean_Length
A3C_Global,72.2292,9.30013050231017,27.150000000000006,96.04999999999998,100.0
Individual_Worker_0,70.3104,11.757127703652793,25.8,107.30000000000001,100.0
Individual_Worker_1,70.2732,11.59004666772313,25.4,103.64999999999999,100.0
Individual_Worker_2,72.62270000000001,7.561653239206358,23.55,101.5,100.0
Individual_Worker_3,70.24350000000001,10.227114096850586,15.55,96.55000000000001,100.0
Individual_Worker_4,72.6614,8.68470264545655,33.75,97.8,100.0
