environment,a3c_mean,a3c_std,a3c_episodes,individual_w0_mean,individual_w0_std,individual_w1_mean,individual_w1_std,individual_w2_mean,individual_w2_std,individual_w3_mean,individual_w3_std,individual_w4_mean,individual_w4_std,individual_combined_mean,individual_combined_std,individual_avg_mean,best_individual_mean,worst_individual_mean,t_statistic,p_value,significant,improvement_pct
0,351.6,140.00978537230887,10,-109.15,60.60983831029415,335.85,151.38313149092934,202.7,92.20688694452275,148.15,117.27340917701676,188.0,109.35629840114377,153.11,182.58130490277475,153.10999999999999,335.85,-109.15,3.1972462594400928,0.0022476800113227745,True,129.63882176213178
1,1109.55,147.9997381754441,10,275.4,159.54792383481524,953.15,208.94916247738345,759.8,204.8142084915009,716.95,228.94305514690765,821.8,229.23658085043928,705.42,309.4996827138923,705.4200000000001,953.15,275.4,3.969984477985494,0.00020064711368991458,True,57.28927447478098
2,661.75,100.6934084237891,10,-0.65,67.8192634875962,558.8,185.57898587932848,405.6,195.68326448626104,361.75,172.0860613181672,454.6,205.87578779448546,356.02,256.85468576609617,356.02,558.8,-0.65,3.6451471701622524,0.0005726392546953199,True,85.87438907926523
3,864.6,126.61394078062654,10,75.8,157.212467698971,786.35,185.949058884416,631.15,159.30207939634687,496.1,144.91528559817283,654.55,142.69485800126085,528.79,291.5239628229556,528.79,786.35,75.8,3.515736516914885,0.0008585130224242463,True,63.50536129654496
4,1061.25,238.25545639082435,10,107.65,134.44758272278457,947.75,190.9544775594435,602.05,173.2138057430758,730.05,206.54314924489748,712.35,161.43250137441345,619.97,329.8932010514918,619.97,947.75,107.65,3.9575983493770845,0.0002090000980573166,True,71.17763762762713
