environment,a3c_mean,a3c_std,a3c_episodes,individual_w0_mean,individual_w0_std,individual_w1_mean,individual_w1_std,individual_w2_mean,individual_w2_std,individual_w3_mean,individual_w3_std,individual_w4_mean,individual_w4_std,individual_combined_mean,individual_combined_std,individual_avg_mean,best_individual_mean,worst_individual_mean,t_statistic,p_value,significant,improvement_pct
0,326.2,4.643274706497559,10,323.55,11.272643877990646,325.1,10.487611739571596,326.55,6.713605588653537,323.0,11.713240371477058,327.05,6.365728552176883,325.05,9.721753956977105,325.05,327.05,323.0,0.3596697384365872,0.7204004197031106,False,0.353791724350093
1,322.1,5.953150426454886,10,329.3,10.780074211247342,325.1,9.018869108707587,324.85,6.383768479511142,323.9,10.16316879718132,325.9,8.275868534480232,325.81,9.24493915610049,325.81000000000006,329.3,323.9,-1.198968797588545,0.23541571730330207,False,-1.1387004695988396
2,329.1,6.406246951218787,10,326.85,5.244282601080914,323.95,10.199142120786433,324.15,5.399305510896748,324.85,7.691066245976561,327.7,4.915282290977803,325.5,7.145628033979938,325.5,327.7,323.95,1.4538872776931955,0.15136762815069396,False,1.1059907834101452
3,327.35,7.959428371434723,10,328.5,8.224962005991275,324.8,8.152300288875528,328.5,5.674504383644443,325.2,9.992997548283498,327.15,11.530503024586567,326.83,9.072822052702236,326.83000000000004,328.5,324.8,0.1658863089256078,0.868823323576373,False,0.15910412140869523
4,324.65,13.013550630016391,10,323.45,6.998035438607038,323.65,10.653755206498786,325.3,7.325298628724974,328.25,9.039496667403556,325.6,6.069596362197407,325.25,8.361967471833408,325.25,328.25,323.45,-0.1831072707992322,0.8553524382122526,False,-0.18447348193697855
